"Locus","AISH","CL","EINPP","EINPW","ETH","HZ","MBS","NAH","NORD","RL","WAB","WBNPGR","WBNPHC","WBNPLB","WBNPNY","WBNPPAD","WENT"
"AGLA232","0.9847","1.0000","0.9300","0.8926","1.0000","1.0000","0.9843","0.8741","1.0000","1.0000","1.0000","0.8227","0.7884","0.9835","0.9152","0.9623","1.0000"
"BL1036","0.9001",NA,"0.6287","1.0000","0.8938","1.0000","0.9843","1.0000","1.0000","1.0000","1.0000","0.9800","0.9496","0.9615","0.7146","0.8523","1.0000"
"BM1225","0.8193","1.0000","0.9300","1.0000","0.8938","1.0000","1.0000","0.6897","1.0000","1.0000","1.0000","0.6081","0.7884","0.9105","0.8577","0.4288","1.0000"
"BM1706","0.9001","1.0000","0.8638","1.0000","0.8938","1.0000","1.0000","0.7778","1.0000","1.0000","1.0000","1.0000","0.7884","0.9105","0.9152","0.6207","1.0000"
"BM17132","0.8170","0.9045","0.9300","1.0000","0.8938","1.0000","0.9472","0.6128","1.0000","1.0000","1.0000","0.4778","0.9496","0.9105","0.4880","0.9431","1.0000"
"BM1824","0.9847","0.9714","0.4214","0.8926","0.8938","1.0000","0.6512","1.0000","1.0000","1.0000","1.0000","0.6653","1.0000","0.9342","0.3080","0.9246","1.0000"
"BM1862","0.9847","1.0000","0.5589","1.0000","1.0000","1.0000","1.0000","0.7778","1.0000","1.0000","1.0000","0.6081","0.9496","0.6591","0.8768","0.4288","1.0000"
"BM2113","0.8170","1.0000","0.5111","0.8926","1.0000","1.0000","0.9843","1.0000","1.0000","1.0000","1.0000","0.3944","0.9496","0.9105","0.8389","0.8523","1.0000"
"BM2830","0.8170","1.0000","0.7260","1.0000","0.8938","1.0000","0.9472","0.6897","1.0000","1.0000","1.0000","0.7668","0.7884","0.9105","0.9152","0.9623","1.0000"
"BM4107","0.8963","1.0000","0.4214","0.8926","1.0000","1.0000","0.9843","1.0000","1.0000","1.0000","1.0000","0.6081","0.9279","0.9835","0.7146","0.9623","1.0000"
"BM4311","0.8170","0.9045","0.7260","1.0000","0.8938","1.0000","0.9472","0.9954","1.0000","1.0000","1.0000","0.6081","0.7069","0.9105","0.9354","0.9623","1.0000"
"BM4440","0.8170","0.9714","0.9300","0.8926","1.0000","1.0000","0.9843","1.0000","1.0000","1.0000","1.0000","0.7268","1.0000","0.9502","0.9152","0.7546","1.0000"
"BM47",NA,NA,"0.9300",NA,NA,NA,"1.0000","1.0000",NA,NA,NA,"0.7964","1.0000","0.4263","1.0000","0.8629",NA
"BM711","1.0000","1.0000","0.4214","1.0000","1.0000","1.0000",NA,"0.6128","1.0000","1.0000","1.0000","0.8034","0.7884","0.9105","1.0000","0.9246","1.0000"
"BM720","0.8170","0.9045","0.9300","1.0000","0.8938","1.0000","0.9843","0.6003","1.0000","1.0000","1.0000","0.8274","0.2711","0.6591","0.4880","0.9623","1.0000"
"BM757","0.4416","1.0000","0.7352","0.9325","1.0000","1.0000","0.9472","0.8469","1.0000","1.0000",NA,"0.6081","0.9775","0.9502","0.9847","0.9246","1.0000"
"BMC4214","0.4416","1.0000","0.5589","0.8926","0.8938","1.0000","0.9843","0.6003","1.0000","1.0000","1.0000","0.6613","0.9775","0.9105","0.9354","0.9290","1.0000"
"BMS1001","0.4416","0.9045","0.9300","0.2397","0.8938","1.0000","0.6512","0.6128","1.0000","1.0000","1.0000","0.7268","0.9496","0.4263","0.9152","0.4288","1.0000"
"BMS1074","0.8170","1.0000","0.9300","1.0000","1.0000","1.0000","0.9472","0.7670","1.0000","1.0000","1.0000","0.4283","0.9775","0.9502","0.8577","0.7546","1.0000"
"BMS1117","0.8170","1.0000","0.9300","0.8926","0.8938","1.0000","0.9472","1.0000","1.0000","0.7572","1.0000","0.8227","0.4343","0.9835","0.8389","0.9834","1.0000"
"BMS1172","0.8170","1.0000","0.5589","0.8926","0.8938","1.0000","0.9472","1.0000","1.0000","1.0000","1.0000","0.7668","0.9465","0.9105","0.7146","0.9623","1.0000"
"BMS1315","0.8170","1.0000","0.2438","1.0000","1.0000","1.0000","0.9843","0.6128","1.0000","1.0000","1.0000","1.0000","0.4748","0.9835","0.7558","0.9290","1.0000"
"BMS1355","0.8170","1.0000","0.5589","0.8926","1.0000","1.0000","0.9472","0.7778","1.0000","1.0000","1.0000","0.8274","0.9465","0.9105","0.8949","0.9760","1.0000"
"BMS1675","0.9001","1.0000","0.9300","1.0000","0.3572","1.0000","1.0000","1.0000","1.0000","1.0000",NA,"0.8500","0.4206","1.0000","1.0000","0.9623","1.0000"
"BMS1716","1.0000","1.0000","0.6287","1.0000","1.0000","1.0000","0.9843","0.7778","1.0000","1.0000","1.0000","0.8227","0.9775","0.9105","0.7146","0.9246","1.0000"
"BMS1747","0.8460","0.9045","0.9300","0.7849","1.0000","1.0000","0.9472","0.6128","1.0000","1.0000","1.0000","1.0000","1.0000","0.9105","0.0784","0.9623","1.0000"
"BMS1857","0.8170","1.0000","0.9300","0.9445","0.8938","1.0000","0.9472","0.6128","1.0000","1.0000","1.0000","0.8227","0.9465","1.0000","0.0784","0.4288","1.0000"
"BMS1862","0.9001","0.9045","0.9300","0.8926","1.0000","1.0000","0.1056","1.0000","1.0000","1.0000","1.0000","0.7964","0.2711","0.9342","0.9152","0.7546",NA
"BMS2258","0.4416","1.0000","0.5969","0.8926","0.8938","1.0000","0.9472","1.0000","1.0000","1.0000","1.0000","0.8034","0.9496","0.9835","0.9505","0.9684","1.0000"
"BMS2639","0.4416","0.9714","0.7260","1.0000","1.0000","1.0000","0.9472","0.7778","1.0000","1.0000","1.0000","0.7654","0.9465","0.9502","0.4880","0.9623","1.0000"
"BMS410","0.9001","0.9714","0.9002","0.8926","1.0000","1.0000","1.0000","1.0000","1.0000","1.0000","1.0000","0.1862","0.8792","0.9105","0.9152","0.9246","1.0000"
"BMS510","0.8460","1.0000","0.5589","1.0000","0.8938","1.0000","0.9472","0.6128","1.0000","1.0000","1.0000","0.5707","0.4206","0.4835","0.4606","0.9623","1.0000"
"BMS527","0.8170","0.9714","0.5589","0.8926","0.8938","1.0000","0.9472","0.9264","1.0000","1.0000","1.0000","0.8227","0.9465","0.9342","0.8577","0.7546","1.0000"
"BMS528","0.8170","1.0000","0.6732","0.8926","0.8938","1.0000","0.9472","0.6128","1.0000","0.7572","1.0000","0.4105","0.9043","0.9835","0.9152","0.6731","1.0000"
"BMS601","1.0000","1.0000","0.2438","0.8926","0.8938","1.0000","0.9472","0.6897","1.0000","0.7224","1.0000","0.4105","0.2711","0.9105","0.8464","0.9246","1.0000"
"BMS812","0.8195","0.9045","0.9608","1.0000","0.8938","1.0000","0.9472","0.7778","1.0000","1.0000","1.0000","0.8464","0.9043","0.9502","0.4606","0.9052","1.0000"
"BMS941","0.8170","1.0000","0.8732","1.0000","0.8938","1.0000","0.9472","0.9621","1.0000","1.0000","1.0000","0.4105","0.9279","0.9105","0.5009","0.9623","1.0000"
"HUJ246","0.9847","1.0000","0.9300","1.0000","1.0000","0.3456","0.9472","0.6128","1.0000","1.0000","1.0000","0.3944","0.4206","0.9105","0.8389","0.9623","1.0000"
"IL4","0.9847","0.9714","0.2438","0.7849","1.0000","1.0000","1.0000","0.7778","1.0000","1.0000","1.0000","0.4530","0.9043","0.9502","0.0784","0.9838","1.0000"
"ILSTS102","1.0000","1.0000","0.2438",NA,NA,"1.0000","1.0000","0.6128",NA,"1.0000","1.0000","1.0000","0.9465","0.9342","1.0000","0.9290",NA
"INRA037","0.8963","1.0000","0.3667","0.8926","1.0000","1.0000","1.0000","0.7778","1.0000","1.0000","1.0000","0.6613","0.9043","0.9105","0.8768","0.7546","1.0000"
"INRA133","0.8170","0.9714","0.9300","0.8926","0.8938","1.0000","0.9472","0.6003","1.0000","1.0000","1.0000","0.3944","0.9043","0.9105","0.7146","0.9623","1.0000"
"INRA194","0.8170","0.9045","0.7467","1.0000","0.8938","1.0000","0.9626","0.6128","1.0000","1.0000","1.0000","0.7964","0.9043","0.6591","0.2515","0.6207","1.0000"
"RM372","0.9847","0.9714","0.7847","0.8926","1.0000","1.0000","1.0000","0.7778","1.0000","0.1920","1.0000","1.0000","0.4343","0.9342","0.1005","0.9623","1.0000"
"SPS115","1.0000","1.0000","0.3567","0.8926","1.0000","1.0000","0.9472","0.6897","1.0000","1.0000","1.0000","0.6081","0.9465","0.9835","0.2381","0.6731","1.0000"
"TGLA122","0.9847","1.0000","0.9300","0.8926","1.0000","1.0000","0.9472","0.6003","1.0000","1.0000","1.0000","0.3944","0.7884","0.6591","1.0000","0.9246","1.0000"
"TGLA44","0.8170",NA,"0.7847","1.0000","1.0000","1.0000","1.0000","0.7778","1.0000","1.0000","1.0000","0.8165","0.9465","0.7851","0.7146","0.9623","1.0000"
"TGLA53","0.8170","0.9714","0.6287","0.8926","0.8938","1.0000","0.9472","0.6128","1.0000","1.0000","1.0000","0.8554","0.7069","0.6591","0.8389","0.8523","1.0000"
"URB011","0.9677","0.9714","0.9300","1.0000","0.8938","1.0000","0.9472","1.0000","0.2585","1.0000","1.0000","0.3944","0.7884","0.9502","0.8069","0.7546","1.0000"
