"Herd","BMS1117.89","BMS1117.91","BMS1117.99","BMS1117.93","TGLA53.136","TGLA53.140","TGLA53.138","TGLA53.134","TGLA53.132","TGLA53.142","BMC4214.187","BMC4214.181","BMC4214.185","BMC4214.191","BMC4214.179","BMC4214.175","BM1225.241","BM1225.253","BM1225.269","BM1225.271","BM1225.247","BM1225.249","BM1225.245","BM1225.239","BM1225.235","BM1225.257","BM1225.273","BM1225.267","BM1225.255","BM1225.265","BM47.103","BM47.105","BM47.107","BM47.102","BM47.104","BM47.101","BMS1315.135","BMS1315.141","BMS1315.145","BMS1315.147","BMS1315.137","BMS1315.143","IL4.101","IL4.89","IL4.93","IL4.97","IL4.103","IL4.91","IL4.85","IL4.83","IL4.105","IL4.99","BM2113.143","BM2113.129","BM2113.127","BM2113.141","BM2113.149","BM2113.133","BM2113.131","BM2113.128","BM2113.121","BM2113.145","BMS1716.189","BMS1716.191","BMS1716.195","BMS1716.193","BMS1716.197","BM1706.238","BM1706.232","BM1706.254","BM1706.252","BM1706.250","BM1706.248","BM1706.240","BM1706.236","BMS1675.87","BMS1675.91","BMS1675.85","BMS1675.89","BMS1675.83","BMS1857.160","BMS1857.147","BMS1857.162","BMS1857.143","BMS1857.158","BMS1857.170","BMS1857.154","BMS1857.161","BMS1857.153","BMS1857.149","BMS1857.164","BMS1857.150","BMS1857.159","BMS1857.165","BMS1857.134","BMS1001.115","BMS1001.108","BMS1001.113","BMS1001.109","BMS1001.110","BMS601.172","BMS601.180","BMS601.174","BMS601.178","BMS601.176","BMS601.182","BMS601.170","BM720.229","BM720.231","BM720.225","BM720.227","BM720.233","BM720.255","BM720.221","BM720.223","BM720.213","BM720.203","ILSTS102.143","ILSTS102.145","ILSTS102.147","ILSTS102.157","ILSTS102.133","BMS1074.154","BMS1074.156","BMS1074.160","BMS1074.158","BMS1074.152","BMS1172.88","BMS1172.90","BMS1172.102","BMS1172.100","BMS1172.104","BMS2258.127","BMS2258.140","BMS2258.138","BMS2258.142","BMS2258.148","BMS2258.150","BMS2258.146","BM757.194","BM757.200","BM757.188","BM757.190","BM757.202","BM757.192","BM757.198","BM757.196","SPS115.246","SPS115.250","SPS115.252","SPS115.244","SPS115.254","SPS115.248","BMS527.167","BMS527.175","BMS527.177","BMS527.173","BMS527.165","BMS527.159","BMS527.161","BMS527.163","BMS527.169","BMS527.171","BM2830.150","BM2830.158","BM2830.146","BM2830.166","BM2830.152","BM2830.162","BM2830.142","BM2830.154","BM2830.164","BM2830.156","BM2830.148","INRA194.154","INRA194.156","INRA194.144","INRA194.158","INRA194.160","INRA194.152","INRA194.146","BMS941.83","BMS941.77","BMS941.85","BMS941.81","INRA037.124","INRA037.126","INRA037.132","INRA037.122","INRA037.120","INRA037.136","BM4107.179","BM4107.181","BM4107.165","BM4107.183","BM4107.175","BM4107.157","BM4107.185","TGLA122.142","TGLA122.148","TGLA122.150","TGLA122.138","HUJ246.260","HUJ246.262","HUJ246.256","HUJ246.264","HUJ246.258","HUJ246.266","BMS528.140","BMS528.146","BMS528.150","BMS528.148","BMS528.152","BMS528.142","BMS528.151","BM4440.127","BM4440.131","BM4440.125","BM4440.129","BM4440.123","BM4440.121","TGLA44.153","TGLA44.157","TGLA44.159","TGLA44.155","TGLA44.151","TGLA44.163","BMS510.92","BMS510.95","BMS510.91","BMS510.94","BMS510.90","BMS1355.146","BMS1355.150","BMS1355.148","BMS1355.154","BMS1355.152","BM1824.180","BM1824.184","BM1824.192","BM1824.198","BM1824.196","BM1824.194","BM1824.190","BMS812.108","BMS812.110","BMS812.90","BMS812.106","BMS812.96","BMS812.112","BMS812.94","BMS2639.168","BMS2639.176","BMS2639.166","BMS2639.172","BMS2639.170","BMS2639.178","BMS2639.174","BMS2639.186","BMS2639.158","BMS410.83","BMS410.89","BMS410.95","BMS410.85","BMS410.81","BMS410.91","AGLA232.161","AGLA232.165","AGLA232.168","AGLA232.173","AGLA232.169","AGLA232.159","AGLA232.167","AGLA232.155","AGLA232.175","AGLA232.177","BM17132.85","BM17132.89","BM17132.87","BM17132.91","BM17132.81","BM17132.93","BM17132.95","BM17132.83","BM4028.116","BM4028.118","BM4028.114","BM4028.108","BM4028.112","BM4028.120","BM711.167","BM711.161","BM711.165","BM711.155","BM711.177","INRA133.236","INRA133.240","INRA133.228","INRA133.238","INRA133.224","INRA133.242","INRA133.232","INRA133.246","RM372.130","RM372.134","RM372.114","RM372.118","RM372.128","RM372.122","RM372.132","RM372.136","RM372.120","RM372.119","BM4311.96","BM4311.92","BM4311.102","BM4311.98","BM4311.104","BM4311.100","BM4311.106","BM4311.94","BMS1747.101","BMS1747.103","BMS1747.97","BMS1747.99","BMS1747.95","BMS1747.91","BMS1747.105","BL1036.191","BL1036.181","BL1036.177","BL1036.189","BL1036.179","BL1036.183","BL1036.187","BL1036.193","BM1862.205","BM1862.215","BM1862.211","BM1862.207","BM1862.201","BM1862.202","BMS1862.142","BMS1862.164","BMS1862.144","BMS1862.166","BMS1862.162","BMS1862.158","BMS1862.168","BMS1862.156","BMS1862.160","BMS1862.170","URB011.149","URB011.151","URB011.153","URB011.145","URB011.147","URB011.143","URB011.152"
"EINPP",0.335051546391753,0.639175257731959,0,0.0257731958762887,0.520618556701031,0.0876288659793814,0.216494845360825,0.144329896907216,0,0.0309278350515464,0.396907216494845,0.0721649484536082,0.201030927835052,0.0206185567010309,0.0876288659793814,0.221649484536082,0.489690721649485,0.134020618556701,0.0257731958762887,0.149484536082474,0.0309278350515464,0.077319587628866,0.0927835051546392,0,0,0,0,0,0,0,0.742268041237113,0.180412371134021,0.0257731958762887,0,0.0515463917525773,0,0.675257731958763,0.103092783505155,0,0.134020618556701,0.0876288659793814,0,0.118556701030928,0.262886597938144,0.211340206185567,0.190721649484536,0,0.077319587628866,0,0,0.118556701030928,0.0206185567010309,0.335051546391753,0.298969072164948,0.0567010309278351,0,0.309278350515464,0,0,0,0,0,0.304123711340206,0.355670103092784,0.34020618556701,0,0,0.703125,0.114583333333333,0.0364583333333333,0.0416666666666667,0.104166666666667,0,0,0,0.520618556701031,0.257731958762887,0.118556701030928,0.103092783505155,0,0.494845360824742,0,0,0.108247422680412,0.0721649484536082,0.0618556701030928,0.0103092783505155,0.252577319587629,0,0,0,0,0,0,0,0.417525773195876,0.278350515463918,0.304123711340206,0,0,0.458762886597938,0.237113402061856,0.128865979381443,0.128865979381443,0.0412371134020619,0.00515463917525773,0,0.442708333333333,0.416666666666667,0.0520833333333333,0,0.0885416666666667,0,0,0,0,0,0.723958333333333,0.151041666666667,0.125,0,0,0.360824742268041,0.190721649484536,0.11340206185567,0.335051546391753,0,0.396907216494845,0.365979381443299,0.0618556701030928,0.175257731958763,0,0.396907216494845,0.27319587628866,0,0.0206185567010309,0.0927835051546392,0.216494845360825,0,0.59375,0.265625,0,0.046875,0.0729166666666667,0,0.0208333333333333,0,0.190721649484536,0.43298969072165,0.0567010309278351,0.0515463917525773,0.268041237113402,0,0.0876288659793814,0.402061855670103,0.0515463917525773,0.216494845360825,0.103092783505155,0.0103092783505155,0,0.128865979381443,0,0,0.144329896907216,0.417525773195876,0,0,0.0721649484536082,0.15979381443299,0.0515463917525773,0,0.0567010309278351,0.0927835051546392,0.00515463917525773,0.216494845360825,0.38659793814433,0.237113402061856,0.108247422680412,0.0515463917525773,0,0,0.623711340206186,0,0.0463917525773196,0.329896907216495,0.525773195876289,0.0154639175257732,0,0.43298969072165,0.0257731958762887,0,0.309278350515464,0.206185567010309,0.0927835051546392,0.268041237113402,0,0,0.123711340206186,0.448453608247423,0.283505154639175,0.180412371134021,0.0876288659793814,0.221649484536082,0.670103092783505,0.108247422680412,0,0,0,0.402061855670103,0.350515463917526,0.201030927835052,0.0463917525773196,0,0,0,0.448453608247423,0.154639175257732,0.15979381443299,0.154639175257732,0.0824742268041237,0,0.242268041237113,0.077319587628866,0.164948453608247,0.505154639175258,0.0103092783505155,0,0.474226804123711,0.283505154639175,0.190721649484536,0.0463917525773196,0.00515463917525773,0.597938144329897,0.268041237113402,0.0824742268041237,0.0515463917525773,0,0.34020618556701,0.144329896907216,0.190721649484536,0.283505154639175,0.0103092783505155,0,0.0309278350515464,0.577319587628866,0.134020618556701,0,0.216494845360825,0,0.0721649484536082,0,0.360824742268041,0.0567010309278351,0,0.180412371134021,0.309278350515464,0,0.0412371134020619,0.0515463917525773,0,0.324742268041237,0.597938144329897,0.0257731958762887,0.0257731958762887,0,0.0257731958762887,0.618556701030928,0.180412371134021,0,0.195876288659794,0,0.00515463917525773,0,0,0,0,0.161458333333333,0.255208333333333,0.40625,0.177083333333333,0,0,0,0,0.246575342465753,0.287671232876712,0.294520547945205,0.150684931506849,0.0205479452054795,0,0.416666666666667,0.489583333333333,0.09375,0,0,0.182291666666667,0.463541666666667,0.260416666666667,0.0833333333333333,0.0104166666666667,0,0,0,0.695876288659794,0.22680412371134,0,0.0721649484536082,0,0,0.00515463917525773,0,0,0,0.175257731958763,0.345360824742268,0,0.288659793814433,0.190721649484536,0,0,0,0.268041237113402,0.0721649484536082,0.0257731958762887,0.257731958762887,0.376288659793814,0,0,0.639175257731959,0.175257731958763,0.077319587628866,0,0.0979381443298969,0,0,0.0103092783505155,0.324742268041237,0.103092783505155,0.376288659793814,0.0927835051546392,0.0515463917525773,0.0515463917525773,0.15979381443299,0.154639175257732,0.0154639175257732,0.0257731958762887,0.0876288659793814,0.149484536082474,0.237113402061856,0.103092783505155,0.0103092783505155,0.0567010309278351,0.755681818181818,0.113636363636364,0.0340909090909091,0.0681818181818182,0,0.0284090909090909,0
"NAH",0.5,0.4375,0,0.0625,0.8125,0,0,0.1875,0,0,0.5,0.0625,0.125,0,0.3125,0,0.125,0.5625,0.1875,0,0.125,0,0,0,0,0,0,0,0,0,0.875,0,0,0,0.125,0,0.4375,0.4375,0,0.0625,0.0625,0,0,0.125,0.3125,0.0625,0.4375,0.0625,0,0,0,0,0.375,0.5625,0,0,0.0625,0,0,0,0,0,0.3125,0.4375,0.25,0,0,0.3125,0.3125,0,0.375,0,0,0,0,0.75,0,0,0.25,0,0.5,0.125,0.1875,0,0.125,0,0,0.0625,0,0,0,0,0,0,0,0.8125,0.125,0.0625,0,0,0.5,0.125,0.25,0.0625,0.0625,0,0,0.6875,0.0625,0,0.1875,0.0625,0,0,0,0,0,0.6875,0.125,0.125,0.0625,0,0.0625,0.3125,0.1875,0.4375,0,0.0625,0.75,0.125,0.0625,0,0.625,0,0,0.1875,0,0.0625,0.125,0.625,0.0625,0.25,0.0625,0,0,0,0,0,0.25,0.6875,0,0.0625,0,0.0625,0.0625,0.4375,0.3125,0.125,0,0,0,0,0,0,0,0.375,0.0625,0.5625,0,0,0,0,0,0,0.75,0.0625,0.0625,0,0.125,0,0,0.25,0.5625,0.0625,0.125,0.4375,0.0625,0.25,0.25,0,0,0.125,0,0.4375,0.1875,0.1875,0,0.0625,0.5625,0,0,0.4375,0.4375,0.5625,0,0,0,0,0.125,0.3125,0.375,0.0625,0.125,0,0,0,0.0625,0.625,0.1875,0.125,0,0,0.375,0.3125,0.3125,0,0,0.142857142857143,0.357142857142857,0.5,0,0,0.3125,0.6875,0,0,0,0.625,0.1875,0,0.125,0,0.0625,0,0,0.1875,0.125,0.375,0,0.3125,0,0,0.0625,0.125,0.4375,0.3125,0,0,0.0625,0,0.0625,0.875,0.0625,0,0,0,0.6875,0.0625,0,0.25,0,0,0,0,0,0,0.125,0.5,0.1875,0.0625,0.125,0,0,0,1,0,0,0,0,0,0.8125,0.1875,0,0,0,0.1875,0,0.5,0.3125,0,0,0,0,0.75,0,0,0,0,0,0.25,0,0,0,0,0.25,0.5625,0.1875,0,0,0,0,0.4375,0,0,0.3125,0.25,0,0,0.125,0.8125,0.0625,0,0,0,0,0,0.3125,0.125,0.5,0,0.0625,0,0.25,0,0.333333333333333,0.25,0,0.166666666666667,0,0,0,0,0.285714285714286,0.571428571428571,0.0714285714285714,0,0.0714285714285714,0,0
"WAB",0.0263157894736842,0.631578947368421,0.263157894736842,0.0789473684210526,0.105263157894737,0,0.894736842105263,0,0,0,0.842105263157895,0.157894736842105,0,0,0,0,0.105263157894737,0.5,0.289473684210526,0,0,0.0526315789473684,0,0.0526315789473684,0,0,0,0,0,0,1,0,0,0,0,0,0.736842105263158,0,0.263157894736842,0,0,0,0,0,0.583333333333333,0.166666666666667,0,0.166666666666667,0,0,0.0833333333333333,0,0.526315789473684,0.263157894736842,0.0526315789473684,0,0,0,0.131578947368421,0.0263157894736842,0,0,0.368421052631579,0.368421052631579,0.263157894736842,0,0,0.315789473684211,0.210526315789474,0.473684210526316,0,0,0,0,0,0.894736842105263,0,0,0.105263157894737,0,0.578947368421053,0,0.131578947368421,0.236842105263158,0,0,0,0.0526315789473684,0,0,0,0,0,0,0,0.0789473684210526,0.394736842105263,0.526315789473684,0,0,0.794117647058823,0.117647058823529,0.0882352941176471,0,0,0,0,0.0526315789473684,0.342105263157895,0.131578947368421,0.315789473684211,0.157894736842105,0,0,0,0,0,0.710526315789474,0.289473684210526,0,0,0,0.157894736842105,0.5,0,0.342105263157895,0,0,0.526315789473684,0,0.473684210526316,0,0.552631578947368,0.394736842105263,0.0526315789473684,0,0,0,0,0.842105263157895,0.105263157894737,0,0,0.0526315789473684,0,0,0,0.105263157894737,0.605263157894737,0.210526315789474,0,0.0526315789473684,0.0263157894736842,0.0789473684210526,0.315789473684211,0.447368421052632,0.157894736842105,0,0,0,0,0,0,0.0789473684210526,0,0.105263157894737,0.131578947368421,0.368421052631579,0,0,0,0,0,0.315789473684211,0.289473684210526,0,0.710526315789474,0,0,0,0,0.657894736842105,0,0,0.342105263157895,0.368421052631579,0,0.184210526315789,0.0526315789473684,0.394736842105263,0,0.394736842105263,0,0.368421052631579,0.236842105263158,0,0,0,0.394736842105263,0.605263157894737,0,0,0.131578947368421,0.868421052631579,0,0,0,0,0.868421052631579,0,0.131578947368421,0,0,0,0,0.657894736842105,0,0.0789473684210526,0.236842105263158,0,0.0263157894736842,0.0789473684210526,0.184210526315789,0,0.578947368421053,0.157894736842105,0,0.105263157894737,0.184210526315789,0.684210526315789,0,0.0263157894736842,0.473684210526316,0.5,0,0.0263157894736842,0,0.763157894736842,0.236842105263158,0,0,0,0,0,0.131578947368421,0.236842105263158,0.368421052631579,0.263157894736842,0,0,0,0.394736842105263,0,0,0,0.605263157894737,0,0,0,0,0,0.289473684210526,0,0.447368421052632,0,0.263157894736842,0.236842105263158,0.0789473684210526,0.236842105263158,0.315789473684211,0.131578947368421,0,0,0,0,0,0.157894736842105,0,0.710526315789474,0.131578947368421,0,0,0,0,0.75,0.25,0,0,0,0,0.736842105263158,0.263157894736842,0,0,0,0.263157894736842,0.0263157894736842,0.526315789473684,0.105263157894737,0,0.0789473684210526,0,0,0.0263157894736842,0.263157894736842,0.552631578947368,0.157894736842105,0,0,0,0,0,0,0.131578947368421,0.131578947368421,0.447368421052632,0.263157894736842,0.0263157894736842,0,0,0,0,0.236842105263158,0.263157894736842,0.394736842105263,0.105263157894737,0,0,0.184210526315789,0.526315789473684,0,0,0.289473684210526,0,0,0,0.263157894736842,0,0.236842105263158,0.0263157894736842,0.473684210526316,0,0,0.0263157894736842,0,0.131578947368421,0.263157894736842,0.0789473684210526,0.157894736842105,0.342105263157895,0,0,0.40625,0.125,0,0.46875,0,0,0
"WENT",0.444444444444444,0.333333333333333,0,0.222222222222222,0.388888888888889,0.333333333333333,0.0555555555555556,0.111111111111111,0.111111111111111,0,0.611111111111111,0,0.111111111111111,0,0.222222222222222,0.0555555555555556,0,0.555555555555556,0.222222222222222,0,0.222222222222222,0,0,0,0,0,0,0,0,0,0.888888888888889,0.111111111111111,0,0,0,0,0.222222222222222,0.388888888888889,0.388888888888889,0,0,0,0,0,0.0555555555555556,0.333333333333333,0.555555555555556,0,0,0.0555555555555556,0,0,0.166666666666667,0.666666666666667,0.0555555555555556,0.111111111111111,0,0,0,0,0,0,0.388888888888889,0.555555555555556,0.0555555555555556,0,0,0.5,0.333333333333333,0,0.111111111111111,0.0555555555555556,0,0,0,0.611111111111111,0.0555555555555556,0,0.333333333333333,0,0.222222222222222,0,0.611111111111111,0,0.166666666666667,0,0,0,0,0,0,0,0,0,0,0.611111111111111,0.111111111111111,0.277777777777778,0,0,0.5,0,0.333333333333333,0,0.0555555555555556,0.0555555555555556,0.0555555555555556,0.555555555555556,0,0.111111111111111,0.222222222222222,0.0555555555555556,0,0.0555555555555556,0,0,0,1,0,0,0,0,0.0555555555555556,0.222222222222222,0.111111111111111,0.611111111111111,0,0,0.5,0.5,0,0,0.333333333333333,0.277777777777778,0.166666666666667,0.166666666666667,0,0,0.0555555555555556,0.666666666666667,0.0555555555555556,0.277777777777778,0,0,0,0,0,0.166666666666667,0,0.666666666666667,0,0.111111111111111,0.0555555555555556,0.333333333333333,0.111111111111111,0.333333333333333,0.0555555555555556,0.166666666666667,0,0,0,0,0,0.111111111111111,0.222222222222222,0.111111111111111,0.166666666666667,0.277777777777778,0.0555555555555556,0,0,0.0555555555555556,0,0,0.444444444444444,0.166666666666667,0.222222222222222,0,0.166666666666667,0,0,0.555555555555556,0,0.0555555555555556,0.388888888888889,0.333333333333333,0,0.444444444444444,0.166666666666667,0,0.0555555555555556,0,0,0.111111111111111,0.722222222222222,0.166666666666667,0,0,0.611111111111111,0.333333333333333,0.0555555555555556,0,0.555555555555556,0.333333333333333,0.0555555555555556,0.0555555555555556,0,0,0.0555555555555556,0.111111111111111,0.722222222222222,0.0555555555555556,0.0555555555555556,0,0,0,0.0555555555555556,0.5,0.388888888888889,0.0555555555555556,0,0.222222222222222,0.111111111111111,0,0.666666666666667,0,0,0,0.388888888888889,0.5,0.111111111111111,0,0.277777777777778,0.666666666666667,0,0.0555555555555556,0,0.611111111111111,0.0555555555555556,0.277777777777778,0.0555555555555556,0,0,0,0.166666666666667,0.222222222222222,0,0.5,0,0.111111111111111,0,0.111111111111111,0,0,0.555555555555556,0.222222222222222,0,0.111111111111111,0,0,0.333333333333333,0.555555555555556,0.0555555555555556,0.0555555555555556,0,0,0.277777777777778,0.0555555555555556,0,0.333333333333333,0.333333333333333,0,0,0,0,0,0.111111111111111,0.5,0.0555555555555556,0.333333333333333,0,0,0,0,0,0,0,0,0,0,0.833333333333333,0.111111111111111,0.0555555555555556,0,0,0,0,0.555555555555556,0.444444444444444,0,0,0,0,0.444444444444444,0.166666666666667,0,0,0.166666666666667,0.0555555555555556,0.166666666666667,0,0,0,0,0,0.375,0.0625,0.5,0,0.0625,0,0.222222222222222,0.0555555555555556,0,0.111111111111111,0.611111111111111,0,0,0.277777777777778,0.722222222222222,0,0,0,0,0,0,0.555555555555556,0,0.166666666666667,0.222222222222222,0.0555555555555556,0,0.611111111111111,0,0,0.166666666666667,0,0.166666666666667,0.0555555555555556,0,0,0,0.611111111111111,0,0.333333333333333,0.0555555555555556,0,0,0
"NORD",0.604166666666667,0.395833333333333,0,0,0.25,0.166666666666667,0.4375,0.145833333333333,0,0,0.479166666666667,0.1875,0,0,0.333333333333333,0,0,0.875,0,0.0208333333333333,0,0.104166666666667,0,0,0,0,0,0,0,0,1,0,0,0,0,0,0.229166666666667,0.520833333333333,0.208333333333333,0.0416666666666667,0,0,0,0.125,0.5,0.0416666666666667,0.270833333333333,0.0625,0,0,0,0,0.145833333333333,0.666666666666667,0,0.0416666666666667,0.145833333333333,0,0,0,0,0,0.166666666666667,0.708333333333333,0.125,0,0,0.25,0.479166666666667,0.0625,0.208333333333333,0,0,0,0,0.645833333333333,0.104166666666667,0,0.25,0,0.145833333333333,0.270833333333333,0.3125,0,0.25,0,0,0.0208333333333333,0,0,0,0,0,0,0,0.416666666666667,0.270833333333333,0.3125,0,0,0.125,0,0.770833333333333,0,0.104166666666667,0,0,0.5,0.208333333333333,0,0.208333333333333,0.0833333333333333,0,0,0,0,0,1,0,0,0,0,0.0833333333333333,0.3125,0.229166666666667,0.375,0,0.125,0.666666666666667,0.208333333333333,0,0,0.229166666666667,0.125,0,0.458333333333333,0.104166666666667,0,0.0833333333333333,0.5,0,0.25,0.25,0,0,0,0,0,0.0833333333333333,0.875,0.0416666666666667,0,0,0.416666666666667,0.0208333333333333,0.25,0.3125,0,0,0,0,0,0,0,0,0.479166666666667,0,0.5,0,0,0.0208333333333333,0,0,0,0.6875,0.0208333333333333,0.208333333333333,0.0208333333333333,0.0208333333333333,0.0416666666666667,0,0.333333333333333,0.1875,0.0208333333333333,0.458333333333333,0.229166666666667,0.0208333333333333,0.729166666666667,0.0208333333333333,0,0,0.0416666666666667,0,0.3125,0.291666666666667,0.354166666666667,0,0,0.541666666666667,0.270833333333333,0,0.1875,0.375,0.625,0,0,0,0,0.354166666666667,0.0416666666666667,0.520833333333333,0.0833333333333333,0,0,0,0,0,0.434782608695652,0.41304347826087,0.152173913043478,0,0.0833333333333333,0.166666666666667,0.270833333333333,0.479166666666667,0,0,0.270833333333333,0,0.604166666666667,0.125,0,0.0625,0.875,0.0625,0,0,0.583333333333333,0.166666666666667,0,0,0.25,0,0,0.0208333333333333,0.229166666666667,0.104166666666667,0.333333333333333,0,0.3125,0,0,0.125,0.208333333333333,0.375,0.270833333333333,0.0208333333333333,0,0,0,0.166666666666667,0.4375,0.125,0.270833333333333,0,0,0.375,0.208333333333333,0,0.125,0.291666666666667,0,0,0,0,0,0,0.791666666666667,0.104166666666667,0.0833333333333333,0.0208333333333333,0,0,0,0.729166666666667,0.208333333333333,0.0416666666666667,0,0.0208333333333333,0,0.9375,0.0625,0,0,0,0.125,0,0.625,0.25,0,0,0,0,0.583333333333333,0,0.104166666666667,0,0.291666666666667,0,0.0208333333333333,0,0,0,0.354166666666667,0.0208333333333333,0.291666666666667,0.104166666666667,0.229166666666667,0,0,0,0.145833333333333,0.3125,0,0.0208333333333333,0.520833333333333,0,0,0.0416666666666667,0.916666666666667,0.0416666666666667,0,0,0,0,0,0.770833333333333,0,0.0625,0.145833333333333,0.0208333333333333,0,0.1875,0,0.25,0.395833333333333,0,0.0625,0.104166666666667,0,0,0,0.291666666666667,0.333333333333333,0.25,0.104166666666667,0.0208333333333333,0,0
"RL",0.625,0.322916666666667,0,0.0520833333333333,0.5,0,0.135416666666667,0.364583333333333,0,0,0.34375,0.0625,0.375,0.208333333333333,0,0.0104166666666667,0.135416666666667,0.4375,0.09375,0,0.333333333333333,0,0,0,0,0,0,0,0,0,0.947916666666667,0,0,0.0416666666666667,0,0.0104166666666667,0.364583333333333,0.135416666666667,0.229166666666667,0.260416666666667,0.0104166666666667,0,0,0,0.114583333333333,0.270833333333333,0.447916666666667,0.145833333333333,0,0.0208333333333333,0,0,0.177083333333333,0.625,0.0104166666666667,0.15625,0.03125,0,0,0,0,0,0.4375,0.520833333333333,0.0416666666666667,0,0,0.291666666666667,0.28125,0.28125,0.0833333333333333,0,0.0625,0,0,0.552083333333333,0.09375,0,0.34375,0.0104166666666667,0.697916666666667,0,0.260416666666667,0,0.03125,0,0,0.0104166666666667,0,0,0,0,0,0,0,0.354166666666667,0.145833333333333,0.5,0,0,0.260416666666667,0,0.395833333333333,0.03125,0.3125,0,0,0.40625,0.385416666666667,0.197916666666667,0.0104166666666667,0,0,0,0,0,0,0.822916666666667,0,0.114583333333333,0,0.0625,0.145833333333333,0.447916666666667,0.104166666666667,0.302083333333333,0,0,0.729166666666667,0.270833333333333,0,0,0.09375,0.125,0,0.0104166666666667,0.229166666666667,0.364583333333333,0.177083333333333,0.520833333333333,0,0.15625,0.166666666666667,0.15625,0,0,0,0.145833333333333,0.104166666666667,0.666666666666667,0,0.0833333333333333,0,0.166666666666667,0.1875,0.166666666666667,0.177083333333333,0.0104166666666667,0,0.0104166666666667,0.28125,0,0,0.0208333333333333,0.0833333333333333,0.166666666666667,0,0.375,0.0729166666666667,0,0,0,0.28125,0,0.229166666666667,0.0208333333333333,0.59375,0,0.15625,0,0,0.947916666666667,0.0416666666666667,0,0.0104166666666667,0.479166666666667,0,0.510416666666667,0.0104166666666667,0,0,0,0.0416666666666667,0.0520833333333333,0.53125,0.375,0,0,0.739583333333333,0.0729166666666667,0.1875,0,0.333333333333333,0.5625,0.104166666666667,0,0,0,0.09375,0.385416666666667,0.270833333333333,0.25,0,0,0,0.0520833333333333,0,0.114583333333333,0.729166666666667,0.104166666666667,0,0,0.03125,0,0.677083333333333,0.291666666666667,0,0.4375,0.447916666666667,0.114583333333333,0,0,0.354166666666667,0.614583333333333,0.03125,0,0,0.697916666666667,0.0625,0.166666666666667,0.0729166666666667,0,0,0,0.09375,0.0625,0,0.708333333333333,0.0625,0.0729166666666667,0,0,0.0104166666666667,0,0.520833333333333,0.427083333333333,0,0.0416666666666667,0,0,0.166666666666667,0.604166666666667,0,0.229166666666667,0,0,0.395833333333333,0.0833333333333333,0,0.510416666666667,0.0104166666666667,0,0,0,0,0,0.385416666666667,0.0833333333333333,0.166666666666667,0.229166666666667,0.135416666666667,0,0,0,0.9,0,0,0.1,0,0,0.875,0.125,0,0,0,0.489583333333333,0.21875,0.21875,0.0729166666666667,0,0,0,0,0.625,0,0,0.1875,0.03125,0,0.15625,0,0,0,0,0,0.510416666666667,0.104166666666667,0.375,0.0104166666666667,0,0,0.1875,0.354166666666667,0.0104166666666667,0,0.447916666666667,0,0,0.0625,0.90625,0,0.03125,0,0,0,0,0.364583333333333,0.114583333333333,0.229166666666667,0.291666666666667,0,0,0.302083333333333,0,0.09375,0.333333333333333,0,0.145833333333333,0.114583333333333,0,0.0104166666666667,0,0.291666666666667,0.0104166666666667,0.0416666666666667,0.65625,0,0,0
"HZ",0.712962962962963,0.148148148148148,0,0.138888888888889,0.435185185185185,0.12962962962963,0.388888888888889,0.0462962962962963,0,0,0.546296296296296,0.0462962962962963,0,0.148148148148148,0.259259259259259,0,0.0185185185185185,0.592592592592593,0.111111111111111,0,0,0.259259259259259,0,0,0.00925925925925926,0,0,0.00925925925925926,0,0,0.944444444444444,0,0.00925925925925926,0,0.0462962962962963,0,0.148148148148148,0.518518518518518,0.296296296296296,0.0277777777777778,0,0.00925925925925926,0,0.0277777777777778,0.37037037037037,0.175925925925926,0.296296296296296,0,0.12962962962963,0,0,0,0.0740740740740741,0.574074074074074,0,0.194444444444444,0.148148148148148,0,0,0,0.00925925925925926,0,0.268518518518519,0.472222222222222,0.25,0.00925925925925926,0,0.481481481481481,0.462962962962963,0.0185185185185185,0.0277777777777778,0,0,0.00925925925925926,0,0.685185185185185,0.166666666666667,0,0.148148148148148,0,0.0740740740740741,0.0740740740740741,0.203703703703704,0,0.564814814814815,0,0,0.0648148148148148,0,0,0.0185185185185185,0,0,0,0,0.425925925925926,0.12962962962963,0.444444444444444,0,0,0.62962962962963,0.0185185185185185,0.194444444444444,0.0277777777777778,0.12962962962963,0,0,0.37037037037037,0.0833333333333333,0.037037037037037,0.333333333333333,0.166666666666667,0.00925925925925926,0,0,0,0,0.953703703703704,0.0462962962962963,0,0,0,0.037037037037037,0.342592592592593,0.12962962962963,0.490740740740741,0,0,0.759259259259259,0.240740740740741,0,0,0.296296296296296,0.0462962962962963,0.0648148148148148,0.37962962962963,0,0,0.212962962962963,0.611111111111111,0,0.0555555555555556,0.333333333333333,0,0,0,0,0.0277777777777778,0.101851851851852,0.685185185185185,0,0.157407407407407,0.0277777777777778,0.398148148148148,0.0277777777777778,0.203703703703704,0.361111111111111,0,0,0,0,0.00925925925925926,0,0,0.111111111111111,0.222222222222222,0.0462962962962963,0.583333333333333,0,0,0.037037037037037,0,0,0,0.472222222222222,0.00925925925925926,0.185185185185185,0,0.259259259259259,0.0740740740740741,0,0.518518518518518,0.0740740740740741,0.00925925925925926,0.398148148148148,0.537037037037037,0.0555555555555556,0.37962962962963,0.0277777777777778,0,0,0.0740740740740741,0,0.231481481481481,0.574074074074074,0.12037037037037,0,0,0.777777777777778,0.0555555555555556,0.0185185185185185,0.148148148148148,0.37037037037037,0.62962962962963,0,0,0,0,0.0462962962962963,0.12037037037037,0.75,0.0833333333333333,0,0,0,0,0,0.388888888888889,0.564814814814815,0.0462962962962963,0,0.138888888888889,0.185185185185185,0.101851851851852,0.574074074074074,0,0,0.157407407407407,0.0648148148148148,0.685185185185185,0.0925925925925926,0,0.0277777777777778,0.824074074074074,0.138888888888889,0.00925925925925926,0,0.703703703703704,0.175925925925926,0,0.00925925925925926,0.111111111111111,0,0,0,0.407407407407407,0.00925925925925926,0.0462962962962963,0,0.537037037037037,0,0,0.0740740740740741,0.287037037037037,0.555555555555556,0.0833333333333333,0,0,0,0,0.00925925925925926,0.833333333333333,0.0462962962962963,0.111111111111111,0,0,0.537037037037037,0.212962962962963,0.0185185185185185,0.0555555555555556,0.175925925925926,0,0,0,0,0,0.0185185185185185,0.425925925925926,0.296296296296296,0.111111111111111,0.0833333333333333,0.0462962962962963,0.0185185185185185,0,0.65,0.22,0.13,0,0,0,0.851851851851852,0.138888888888889,0,0.00925925925925926,0,0.0833333333333333,0,0.574074074074074,0.25,0.0833333333333333,0,0,0.00925925925925926,0.555555555555556,0,0.101851851851852,0,0.166666666666667,0.0277777777777778,0.148148148148148,0,0,0,0.0849056603773585,0.0849056603773585,0.471698113207547,0.122641509433962,0.235849056603774,0,0,0,0.287037037037037,0.185185185185185,0,0.00925925925925926,0.509259259259259,0,0.00925925925925926,0.166666666666667,0.703703703703704,0.12962962962963,0,0,0,0,0,0.268518518518519,0.101851851851852,0.388888888888889,0.148148148148148,0.0925925925925926,0,0.12037037037037,0,0.222222222222222,0.25,0,0.222222222222222,0.185185185185185,0,0,0,0.0833333333333333,0.111111111111111,0.472222222222222,0.314814814814815,0.0185185185185185,0,0
"WBNPGR",0.597222222222222,0.305555555555556,0,0.0972222222222222,0.416666666666667,0.0972222222222222,0.277777777777778,0.180555555555556,0.0277777777777778,0,0.347222222222222,0.166666666666667,0.0555555555555556,0.0416666666666667,0.319444444444444,0.0694444444444444,0.111111111111111,0.513888888888889,0.138888888888889,0.0555555555555556,0.0972222222222222,0.0277777777777778,0.0138888888888889,0.0277777777777778,0,0,0.0138888888888889,0,0,0,0.875,0.111111111111111,0,0.0138888888888889,0,0,0.236111111111111,0.208333333333333,0.527777777777778,0.0277777777777778,0,0,0,0.0857142857142857,0.171428571428571,0.228571428571429,0.342857142857143,0.0714285714285714,0.0285714285714286,0.0428571428571429,0.0142857142857143,0.0142857142857143,0.236111111111111,0.611111111111111,0.0138888888888889,0.0694444444444444,0.0416666666666667,0.0138888888888889,0,0,0,0.0138888888888889,0.555555555555556,0.333333333333333,0.111111111111111,0,0,0.583333333333333,0.263888888888889,0.0416666666666667,0.0555555555555556,0.0555555555555556,0,0,0,0.708333333333333,0.0277777777777778,0,0.263888888888889,0,0.194444444444444,0.0833333333333333,0.319444444444444,0.0138888888888889,0.180555555555556,0.0694444444444444,0.0416666666666667,0.0694444444444444,0,0.0277777777777778,0,0,0,0,0,0.541666666666667,0.111111111111111,0.347222222222222,0,0,0.361111111111111,0.0138888888888889,0.388888888888889,0.0138888888888889,0.0833333333333333,0.125,0.0138888888888889,0.527777777777778,0.138888888888889,0.152777777777778,0.152777777777778,0.0277777777777778,0,0,0,0,0,0.916666666666667,0.0555555555555556,0.0277777777777778,0,0,0.0694444444444444,0.236111111111111,0.111111111111111,0.583333333333333,0,0.0555555555555556,0.722222222222222,0.111111111111111,0.0972222222222222,0.0138888888888889,0.25,0.333333333333333,0.0416666666666667,0.138888888888889,0.0972222222222222,0.0555555555555556,0.0833333333333333,0.611111111111111,0.0694444444444444,0.208333333333333,0.0694444444444444,0.0277777777777778,0.0138888888888889,0,0,0.125,0.0833333333333333,0.694444444444444,0.0138888888888889,0.0416666666666667,0.0416666666666667,0.222222222222222,0.138888888888889,0.208333333333333,0.277777777777778,0.0416666666666667,0.0555555555555556,0,0.0555555555555556,0,0,0.0142857142857143,0.114285714285714,0.242857142857143,0.0857142857142857,0.414285714285714,0.1,0,0,0.0142857142857143,0.0142857142857143,0,0.583333333333333,0.152777777777778,0.138888888888889,0.0555555555555556,0.0694444444444444,0,0,0.542857142857143,0.0285714285714286,0.0571428571428571,0.371428571428571,0.666666666666667,0.0138888888888889,0.208333333333333,0.0972222222222222,0.0138888888888889,0,0.0972222222222222,0.0694444444444444,0.222222222222222,0.444444444444444,0.166666666666667,0,0,0.527777777777778,0.291666666666667,0.180555555555556,0,0.416666666666667,0.5,0.0555555555555556,0,0.0277777777777778,0,0.222222222222222,0.236111111111111,0.486111111111111,0.0416666666666667,0.0138888888888889,0,0,0.0416666666666667,0.0694444444444444,0.305555555555556,0.5,0.0833333333333333,0,0.0416666666666667,0.138888888888889,0.194444444444444,0.597222222222222,0.0277777777777778,0,0.347222222222222,0.194444444444444,0.388888888888889,0.0694444444444444,0,0.319444444444444,0.569444444444444,0.0555555555555556,0.0555555555555556,0,0.402777777777778,0.236111111111111,0.138888888888889,0.0416666666666667,0.166666666666667,0,0.0138888888888889,0.152777777777778,0.111111111111111,0.0138888888888889,0.222222222222222,0,0.486111111111111,0.0138888888888889,0.0833333333333333,0.125,0.0416666666666667,0.222222222222222,0.319444444444444,0.0694444444444444,0.125,0.0138888888888889,0,0.166666666666667,0.611111111111111,0.0277777777777778,0.111111111111111,0.0694444444444444,0.0138888888888889,0.347222222222222,0.208333333333333,0.0138888888888889,0.319444444444444,0.0416666666666667,0,0.0555555555555556,0.0138888888888889,0,0,0.222222222222222,0.347222222222222,0.111111111111111,0.180555555555556,0.138888888888889,0,0,0,0.772727272727273,0.0909090909090909,0,0.136363636363636,0,0,0.805555555555556,0.138888888888889,0.0416666666666667,0,0.0138888888888889,0.0972222222222222,0.111111111111111,0.402777777777778,0.375,0.0138888888888889,0,0,0,0.555555555555556,0.0972222222222222,0.0694444444444444,0.0555555555555556,0.0972222222222222,0,0.125,0,0,0,0.0142857142857143,0.0857142857142857,0.257142857142857,0.114285714285714,0.528571428571429,0,0,0,0.305555555555556,0.263888888888889,0.0416666666666667,0.180555555555556,0.208333333333333,0,0,0.375,0.5,0.0416666666666667,0,0.0555555555555556,0.0277777777777778,0,0,0.5,0.0833333333333333,0.25,0.125,0.0416666666666667,0,0.444444444444444,0.0555555555555556,0.0694444444444444,0.0138888888888889,0.0416666666666667,0.208333333333333,0.138888888888889,0.0138888888888889,0,0.0138888888888889,0.333333333333333,0.194444444444444,0.194444444444444,0.263888888888889,0,0.0138888888888889,0
"EINPW",0.556122448979592,0.362244897959184,0,0.0816326530612245,0.61734693877551,0.0408163265306122,0.198979591836735,0.142857142857143,0,0,0.479591836734694,0.163265306122449,0,0.0102040816326531,0.346938775510204,0,0.0663265306122449,0.693877551020408,0.13265306122449,0.0459183673469388,0,0.0612244897959184,0,0,0,0,0,0,0,0,0.974489795918367,0,0,0,0.0255102040816327,0,0.204081632653061,0.591836734693878,0.147959183673469,0.0561224489795918,0,0,0.00510204081632653,0.0510204081632653,0.357142857142857,0.25,0.280612244897959,0.0306122448979592,0.0255102040816327,0,0,0,0.076530612244898,0.688775510204082,0,0.107142857142857,0.122448979591837,0,0.00510204081632653,0,0,0,0.260204081632653,0.61734693877551,0.11734693877551,0.00510204081632653,0,0.494897959183673,0.346938775510204,0.0153061224489796,0.142857142857143,0,0,0,0,0.647959183673469,0.086734693877551,0,0.26530612244898,0,0.163265306122449,0.13265306122449,0.198979591836735,0,0.459183673469388,0.0204081632653061,0,0.0255102040816327,0,0,0,0,0,0,0,0.540816326530612,0.173469387755102,0.285714285714286,0,0,0.273684210526316,0.0210526315789474,0.510526315789474,0.0263157894736842,0.126315789473684,0.0421052631578947,0,0.587628865979381,0.118556701030928,0.077319587628866,0.134020618556701,0.0824742268041237,0,0,0,0,0,0.98469387755102,0.00510204081632653,0,0.0102040816326531,0,0.0561224489795918,0.204081632653061,0.153061224489796,0.586734693877551,0,0.0255102040816327,0.683673469387755,0.290816326530612,0,0,0.209183673469388,0.142857142857143,0.0153061224489796,0.443877551020408,0.122448979591837,0,0.0663265306122449,0.540816326530612,0,0.102040816326531,0.357142857142857,0,0,0,0,0.0204081632653061,0.137755102040816,0.780612244897959,0.0357142857142857,0.0255102040816327,0,0.306122448979592,0.0357142857142857,0.316326530612245,0.331632653061224,0.0102040816326531,0,0,0,0,0,0.0102040816326531,0,0.239795918367347,0.107142857142857,0.561224489795918,0,0,0.0663265306122449,0.0153061224489796,0,0,0.566326530612245,0.076530612244898,0.163265306122449,0.0204081632653061,0.142857142857143,0.0306122448979592,0,0.438775510204082,0.260204081632653,0.0663265306122449,0.23469387755102,0.362244897959184,0.0306122448979592,0.566326530612245,0.0408163265306122,0,0,0.076530612244898,0,0.168367346938776,0.438775510204082,0.316326530612245,0,0,0.673469387755102,0.147959183673469,0.0153061224489796,0.163265306122449,0.309278350515464,0.649484536082474,0.0412371134020619,0,0,0,0.123711340206186,0.134020618556701,0.675257731958763,0.0515463917525773,0,0.00515463917525773,0.0103092783505155,0,0,0.438775510204082,0.459183673469388,0.102040816326531,0,0.0663265306122449,0.173469387755102,0.127551020408163,0.622448979591837,0.00510204081632653,0.00510204081632653,0.23469387755102,0.112244897959184,0.545918367346939,0.107142857142857,0,0.122448979591837,0.775510204081633,0.102040816326531,0,0,0.464285714285714,0.173469387755102,0,0.076530612244898,0.244897959183673,0.0408163265306122,0,0.00510204081632653,0.321428571428571,0.00510204081632653,0.188775510204082,0,0.479591836734694,0,0,0.112244897959184,0.209183673469388,0.413265306122449,0.224489795918367,0.0306122448979592,0.0102040816326531,0,0,0.0255102040816327,0.698979591836735,0.086734693877551,0.183673469387755,0.00510204081632653,0,0.479591836734694,0.280612244897959,0,0.112244897959184,0.0918367346938776,0.0306122448979592,0.00510204081632653,0,0,0,0.0677083333333333,0.729166666666667,0.130208333333333,0.0364583333333333,0.0364583333333333,0,0,0,0.596385542168675,0.343373493975904,0.036144578313253,0.0240963855421687,0,0,0.923469387755102,0.0612244897959184,0.0153061224489796,0,0,0.107142857142857,0,0.556122448979592,0.270408163265306,0.0663265306122449,0,0,0,0.5,0.0153061224489796,0.0969387755102041,0,0.142857142857143,0.0102040816326531,0.23469387755102,0,0,0,0.0816326530612245,0.107142857142857,0.403061224489796,0.219387755102041,0.188775510204082,0,0,0,0.413265306122449,0.219387755102041,0,0.0408163265306122,0.326530612244898,0,0,0.193877551020408,0.714285714285714,0.0918367346938776,0,0,0,0,0,0.443877551020408,0.0969387755102041,0.229591836734694,0.173469387755102,0.0561224489795918,0,0.185567010309278,0,0.22680412371134,0.304123711340206,0,0.0670103092783505,0.211340206185567,0,0,0.00515463917525773,0.111764705882353,0.305882352941176,0.341176470588235,0.223529411764706,0.0176470588235294,0,0
"ETH",0.348837209302326,0.5,0,0.151162790697674,0.616279069767442,0.0232558139534884,0.151162790697674,0.209302325581395,0,0,0.523255813953488,0.0697674418604651,0,0,0.406976744186047,0,0.255813953488372,0.581395348837209,0.0813953488372093,0.0581395348837209,0,0.0232558139534884,0,0,0,0,0,0,0,0,1,0,0,0,0,0,0.302325581395349,0.465116279069767,0.104651162790698,0.127906976744186,0,0,0,0.0930232558139535,0.348837209302326,0.209302325581395,0.337209302325581,0.0116279069767442,0,0,0,0,0.290697674418605,0.511627906976744,0,0.127906976744186,0.0697674418604651,0,0,0,0,0,0.383720930232558,0.546511627906977,0.0697674418604651,0,0,0.430232558139535,0.418604651162791,0.0116279069767442,0.13953488372093,0,0,0,0,0.63953488372093,0.0697674418604651,0,0.290697674418605,0,0.174418604651163,0.27906976744186,0.0930232558139535,0,0.441860465116279,0,0,0.0116279069767442,0,0,0,0,0,0,0,0.418604651162791,0.162790697674419,0.418604651162791,0,0,0.313953488372093,0,0.651162790697674,0,0.0348837209302326,0,0,0.406976744186047,0.0813953488372093,0.0348837209302326,0.36046511627907,0.116279069767442,0,0,0,0,0,1,0,0,0,0,0.0348837209302326,0.22093023255814,0.186046511627907,0.558139534883721,0,0.0465116279069767,0.825581395348837,0.127906976744186,0,0,0.151162790697674,0.395348837209302,0.0348837209302326,0.302325581395349,0.0697674418604651,0,0.0465116279069767,0.418604651162791,0,0.162790697674419,0.418604651162791,0,0,0,0,0.162790697674419,0.0813953488372093,0.755813953488372,0,0,0,0.267441860465116,0.0697674418604651,0.523255813953488,0.13953488372093,0,0,0,0,0,0,0.0116279069767442,0,0.209302325581395,0.127906976744186,0.534883720930233,0,0,0.0930232558139535,0.0232558139534884,0,0,0.372093023255814,0.0581395348837209,0.197674418604651,0,0.290697674418605,0.0813953488372093,0,0.627906976744186,0.0697674418604651,0.0116279069767442,0.290697674418605,0.63953488372093,0.0465116279069767,0.313953488372093,0,0,0,0.0813953488372093,0,0.127906976744186,0.488372093023256,0.302325581395349,0,0,0.546511627906977,0.186046511627907,0,0.267441860465116,0.441860465116279,0.558139534883721,0,0,0,0,0.0348837209302326,0.22093023255814,0.604651162790698,0.13953488372093,0,0,0,0,0,0.418604651162791,0.534883720930233,0.0465116279069767,0,0.0116279069767442,0.0232558139534884,0.13953488372093,0.825581395348837,0,0,0.302325581395349,0.0116279069767442,0.593023255813954,0.0930232558139535,0,0.0348837209302326,0.941860465116279,0.0232558139534884,0,0,0.511627906976744,0.162790697674419,0,0.162790697674419,0.127906976744186,0.0348837209302326,0,0,0.174418604651163,0,0.0813953488372093,0,0.744186046511628,0,0,0.302325581395349,0.244186046511628,0.267441860465116,0.174418604651163,0,0.0116279069767442,0,0,0.0465116279069767,0.593023255813954,0.0465116279069767,0.313953488372093,0,0,0.616279069767442,0.13953488372093,0,0.162790697674419,0.0697674418604651,0.0116279069767442,0,0,0,0,0.13953488372093,0.674418604651163,0.0930232558139535,0.0232558139534884,0.0697674418604651,0,0,0,0.604651162790698,0.348837209302326,0.0465116279069767,0,0,0,0.941860465116279,0.0581395348837209,0,0,0,0,0,0.709302325581395,0.22093023255814,0.0697674418604651,0,0,0,0.441860465116279,0,0.0697674418604651,0,0.174418604651163,0,0.313953488372093,0,0,0,0.0348837209302326,0.255813953488372,0.453488372093023,0.151162790697674,0.104651162790698,0,0,0,0.337209302325581,0.325581395348837,0,0.174418604651163,0.162790697674419,0,0,0.13953488372093,0.662790697674419,0.197674418604651,0,0,0,0,0,0.5,0.0581395348837209,0.174418604651163,0.244186046511628,0.0232558139534884,0,0.22093023255814,0.0232558139534884,0.0930232558139535,0.267441860465116,0,0.290697674418605,0.0930232558139535,0.0116279069767442,0,0,0.104651162790698,0.534883720930233,0.232558139534884,0.116279069767442,0.0116279069767442,0,0
"WBNPPAD",0.558823529411765,0.375,0.0147058823529412,0.0514705882352941,0.380952380952381,0.0714285714285714,0.301587301587302,0.222222222222222,0.0158730158730159,0.00793650793650794,0.352941176470588,0.242647058823529,0.125,0.0294117647058824,0.176470588235294,0.0735294117647059,0.186567164179104,0.455223880597015,0.201492537313433,0.0447761194029851,0.0671641791044776,0.0149253731343284,0.00746268656716418,0,0,0,0.0223880597014925,0,0,0,0.852941176470588,0.0514705882352941,0.00735294117647059,0.0147058823529412,0.0661764705882353,0.00735294117647059,0.286764705882353,0.242647058823529,0.382352941176471,0.0661764705882353,0.0220588235294118,0,0,0.117647058823529,0.205882352941176,0.198529411764706,0.294117647058824,0.0588235294117647,0.0441176470588235,0.0588235294117647,0.00735294117647059,0.0147058823529412,0.257352941176471,0.588235294117647,0.00735294117647059,0.0514705882352941,0.0661764705882353,0.0220588235294118,0.00735294117647059,0,0,0,0.514705882352941,0.338235294117647,0.139705882352941,0.00735294117647059,0,0.567164179104478,0.201492537313433,0.0746268656716418,0.111940298507463,0.0223880597014925,0.0223880597014925,0,0,0.75,0.0220588235294118,0.00735294117647059,0.220588235294118,0,0.294117647058824,0.0220588235294118,0.198529411764706,0.0220588235294118,0.227941176470588,0.0514705882352941,0.0294117647058824,0.117647058823529,0.00735294117647059,0.0220588235294118,0.00735294117647059,0,0,0,0,0.419117647058824,0.213235294117647,0.360294117647059,0,0.00735294117647059,0.455882352941176,0.0661764705882353,0.205882352941176,0.0441176470588235,0.117647058823529,0.102941176470588,0.00735294117647059,0.5,0.213235294117647,0.125,0.117647058823529,0.0367647058823529,0,0,0,0.00735294117647059,0,0.889705882352941,0.0588235294117647,0.0294117647058824,0.00735294117647059,0.0147058823529412,0.0955882352941176,0.272058823529412,0.0735294117647059,0.558823529411765,0,0.102941176470588,0.654411764705882,0.169117647058824,0.0735294117647059,0,0.330882352941176,0.286764705882353,0.0441176470588235,0.147058823529412,0.0588235294117647,0.0588235294117647,0.0735294117647059,0.602941176470588,0.0882352941176471,0.161764705882353,0.110294117647059,0.0220588235294118,0,0.00735294117647059,0.00735294117647059,0.0597014925373134,0.111940298507463,0.73134328358209,0.00746268656716418,0.082089552238806,0.00746268656716418,0.161764705882353,0.139705882352941,0.308823529411765,0.301470588235294,0.0441176470588235,0.0147058823529412,0,0.0294117647058824,0,0,0.0147058823529412,0.139705882352941,0.176470588235294,0.117647058823529,0.441176470588235,0.0514705882352941,0,0,0.0294117647058824,0.0147058823529412,0.0147058823529412,0.588235294117647,0.169117647058824,0.117647058823529,0.00735294117647059,0.102941176470588,0,0.0147058823529412,0.419117647058824,0.0735294117647059,0.0588235294117647,0.448529411764706,0.507352941176471,0.0367647058823529,0.330882352941176,0.102941176470588,0.00735294117647059,0.0147058823529412,0.0882352941176471,0.0808823529411765,0.220588235294118,0.308823529411765,0.294117647058824,0.00735294117647059,0,0.573529411764706,0.235294117647059,0.139705882352941,0.0514705882352941,0.441176470588235,0.455882352941176,0.0661764705882353,0.0220588235294118,0.0147058823529412,0,0.213235294117647,0.286764705882353,0.426470588235294,0.0514705882352941,0.0220588235294118,0,0,0.0882352941176471,0.0441176470588235,0.323529411764706,0.382352941176471,0.154411764705882,0.00735294117647059,0.0514705882352941,0.147058823529412,0.176470588235294,0.595588235294118,0.0294117647058824,0,0.264705882352941,0.139705882352941,0.536764705882353,0.0588235294117647,0,0.345588235294118,0.558823529411765,0.0441176470588235,0.0514705882352941,0,0.507352941176471,0.139705882352941,0.132352941176471,0.0808823529411765,0.132352941176471,0,0.00735294117647059,0.139705882352941,0.227941176470588,0.0220588235294118,0.301470588235294,0,0.308823529411765,0,0.0882352941176471,0.139705882352941,0.0367647058823529,0.257352941176471,0.308823529411765,0.0220588235294118,0.125,0.0147058823529412,0.00735294117647059,0.161764705882353,0.536764705882353,0.0588235294117647,0.147058823529412,0.0808823529411765,0.0147058823529412,0.375,0.25,0.0147058823529412,0.25,0.0808823529411765,0,0.0147058823529412,0.0147058823529412,0,0,0.227941176470588,0.485294117647059,0.102941176470588,0.102941176470588,0.0808823529411765,0,0,0,0.573170731707317,0.207317073170732,0.0853658536585366,0.121951219512195,0.0121951219512195,0,0.720588235294118,0.257352941176471,0.0220588235294118,0,0,0.082089552238806,0.156716417910448,0.365671641791045,0.380597014925373,0.0149253731343284,0,0,0,0.544117647058823,0.176470588235294,0.0661764705882353,0.0661764705882353,0.0514705882352941,0,0.0882352941176471,0.00735294117647059,0,0,0.0661764705882353,0.183823529411765,0.213235294117647,0.0955882352941176,0.441176470588235,0,0,0,0.352941176470588,0.301470588235294,0.0294117647058824,0.117647058823529,0.198529411764706,0,0,0.330882352941176,0.551470588235294,0.0661764705882353,0.00735294117647059,0.0441176470588235,0,0,0,0.455882352941176,0.0441176470588235,0.242647058823529,0.183823529411765,0.0588235294117647,0.0147058823529412,0.26865671641791,0.0746268656716418,0.0223880597014925,0.126865671641791,0.0522388059701493,0.186567164179104,0.201492537313433,0.0447761194029851,0,0.0223880597014925,0.375,0.132352941176471,0.242647058823529,0.205882352941176,0.0220588235294118,0.0220588235294118,0
"MBS",0.457547169811321,0.5,0,0.0424528301886792,0.485849056603774,0.00471698113207547,0.117924528301887,0.325471698113208,0,0.0660377358490566,0.174528301886792,0.316037735849057,0.0235849056603774,0,0.457547169811321,0.0283018867924528,0.169811320754717,0.622641509433962,0.193396226415094,0.00471698113207547,0.00471698113207547,0,0,0,0,0,0,0,0.00471698113207547,0,0.863207547169811,0.117924528301887,0,0,0.0188679245283019,0,0.19811320754717,0.382075471698113,0.344339622641509,0.0707547169811321,0.00471698113207547,0,0,0.0330188679245283,0.179245283018868,0.0943396226415094,0.584905660377358,0.0377358490566038,0.0518867924528302,0.0188679245283019,0,0,0.405660377358491,0.490566037735849,0,0.0943396226415094,0.00471698113207547,0,0,0,0,0.00471698113207547,0.19811320754717,0.476415094339623,0.325471698113208,0,0,0.613207547169811,0.155660377358491,0.0566037735849057,0.169811320754717,0.00471698113207547,0,0,0,0.75,0,0,0.25,0,0.080188679245283,0.117924528301887,0.358490566037736,0.0141509433962264,0.245283018867925,0,0,0.179245283018868,0,0,0,0,0,0.00471698113207547,0,0.44811320754717,0.160377358490566,0.391509433962264,0,0,0.382075471698113,0,0.221698113207547,0.160377358490566,0.0849056603773585,0.150943396226415,0,0.316037735849057,0.443396226415094,0.080188679245283,0.117924528301887,0.0377358490566038,0,0,0.00471698113207547,0,0,0.915094339622642,0.0849056603773585,0,0,0,0.0613207547169811,0.334905660377358,0.14622641509434,0.457547169811321,0,0.00943396226415094,0.806603773584906,0.179245283018868,0.00471698113207547,0,0.344339622641509,0.438679245283019,0.0566037735849057,0,0.0613207547169811,0.0188679245283019,0.080188679245283,0.627358490566038,0.0660377358490566,0.0566037735849057,0.25,0,0,0,0,0.228571428571429,0.0428571428571429,0.642857142857143,0.00476190476190476,0.080952380952381,0,0.202830188679245,0.278301886792453,0.10377358490566,0.231132075471698,0.160377358490566,0.00471698113207547,0,0.00943396226415094,0,0.00943396226415094,0.0141509433962264,0.0849056603773585,0.254716981132075,0.089622641509434,0.490566037735849,0.0188679245283019,0,0,0.0471698113207547,0,0,0.617924528301887,0.127358490566038,0.179245283018868,0,0.0754716981132075,0,0,0.613207547169811,0.0566037735849057,0.0613207547169811,0.268867924528302,0.55188679245283,0,0.320754716981132,0.122641509433962,0,0.00471698113207547,0.00943396226415094,0.0283018867924528,0.339622641509434,0.35377358490566,0.268867924528302,0,0,0.617924528301887,0.283018867924528,0.0849056603773585,0.0141509433962264,0.325471698113208,0.622641509433962,0.0518867924528302,0,0,0,0.212264150943396,0.259433962264151,0.443396226415094,0.0754716981132075,0.00471698113207547,0.00471698113207547,0,0.14622641509434,0.00943396226415094,0.287735849056604,0.443396226415094,0.113207547169811,0,0,0.320754716981132,0.240566037735849,0.433962264150943,0.00471698113207547,0,0.183962264150943,0.00943396226415094,0.594339622641509,0.212264150943396,0,0.297169811320755,0.514150943396226,0.108490566037736,0.080188679245283,0,0.457547169811321,0.259433962264151,0.155660377358491,0,0.0990566037735849,0,0.0283018867924528,0.0471698113207547,0.330188679245283,0.0188679245283019,0.35377358490566,0,0.25,0,0,0.25,0.0424528301886792,0.117924528301887,0.523584905660377,0,0.0660377358490566,0,0,0.0849056603773585,0.566037735849057,0.089622641509434,0.117924528301887,0.141509433962264,0,0.363207547169811,0.212264150943396,0,0.424528301886792,0,0,0,0,0,0,0.254716981132075,0.212264150943396,0.080188679245283,0.264150943396226,0.169811320754717,0.0188679245283019,0,0,0.613861386138614,0.237623762376238,0.099009900990099,0.0495049504950495,0,0,0.966981132075472,0.0330188679245283,0,0,0,0.114285714285714,0.0761904761904762,0.366666666666667,0.342857142857143,0.1,0,0,0,0.476415094339623,0.141509433962264,0.132075471698113,0.00943396226415094,0.0566037735849057,0,0.174528301886792,0,0.00471698113207547,0.00471698113207547,0.0471698113207547,0.10377358490566,0.415094339622642,0.113207547169811,0.30188679245283,0.00943396226415094,0,0.00943396226415094,0.405660377358491,0.311320754716981,0.00471698113207547,0.0566037735849057,0.221698113207547,0,0,0.405660377358491,0.55188679245283,0.0330188679245283,0,0.00471698113207547,0,0.00471698113207547,0,0.471698113207547,0.132075471698113,0.254716981132075,0.089622641509434,0.0518867924528302,0,0.377358490566038,0.0471698113207547,0,0.0990566037735849,0.117924528301887,0.231132075471698,0.122641509433962,0.00471698113207547,0,0,0.10377358490566,0.358490566037736,0.179245283018868,0.35377358490566,0,0.00471698113207547,0
"WBNPLB",0.597826086956522,0.304347826086957,0.0326086956521739,0.0652173913043478,0.271739130434783,0.0326086956521739,0.369565217391304,0.260869565217391,0,0.0652173913043478,0.16304347826087,0.304347826086957,0.0978260869565217,0.0108695652173913,0.326086956521739,0.0978260869565217,0.141304347826087,0.576086956521739,0.184782608695652,0.0217391304347826,0.0434782608695652,0.0217391304347826,0,0,0,0,0,0,0,0.0108695652173913,0.891304347826087,0.0326086956521739,0.0108695652173913,0.0108695652173913,0.0543478260869565,0,0.195652173913043,0.25,0.543478260869565,0.0108695652173913,0,0,0.0217391304347826,0.0869565217391304,0.228260869565217,0.152173913043478,0.358695652173913,0.0543478260869565,0.0652173913043478,0.0326086956521739,0,0,0.228260869565217,0.673913043478261,0.0217391304347826,0.0108695652173913,0.0543478260869565,0,0.0108695652173913,0,0,0,0.358695652173913,0.467391304347826,0.173913043478261,0,0,0.75,0.16304347826087,0.0108695652173913,0.0760869565217391,0,0,0,0,0.771739130434783,0.0326086956521739,0.0326086956521739,0.16304347826087,0,0.293478260869565,0.0326086956521739,0.293478260869565,0,0.195652173913043,0,0.0108695652173913,0.130434782608696,0,0.0326086956521739,0,0.0108695652173913,0,0,0,0.543478260869565,0.119565217391304,0.33695652173913,0,0,0.5,0.0434782608695652,0.260869565217391,0.0326086956521739,0.0869565217391304,0.0760869565217391,0,0.5,0.108695652173913,0.108695652173913,0.25,0.0326086956521739,0,0,0,0,0,0.866666666666667,0.0777777777777778,0.0555555555555556,0,0,0.0217391304347826,0.217391304347826,0.152173913043478,0.608695652173913,0,0.0652173913043478,0.641304347826087,0.16304347826087,0.130434782608696,0,0.315217391304348,0.304347826086957,0.0543478260869565,0.0652173913043478,0.0543478260869565,0.130434782608696,0.0760869565217391,0.478260869565217,0.16304347826087,0.206521739130435,0.152173913043478,0,0,0,0,0.1,0.1,0.688888888888889,0.0111111111111111,0.0777777777777778,0.0222222222222222,0.25,0.0869565217391304,0.239130434782609,0.380434782608696,0.0217391304347826,0.0108695652173913,0,0.0108695652173913,0,0,0.0113636363636364,0.0454545454545455,0.295454545454545,0.0568181818181818,0.534090909090909,0.0227272727272727,0,0,0.0113636363636364,0.0227272727272727,0,0.579545454545455,0.0454545454545455,0.25,0.0113636363636364,0.113636363636364,0,0,0.445652173913043,0.108695652173913,0.0760869565217391,0.369565217391304,0.577777777777778,0.0222222222222222,0.3,0.1,0,0,0.0869565217391304,0.0543478260869565,0.260869565217391,0.347826086956522,0.25,0,0,0.717391304347826,0.108695652173913,0.16304347826087,0.0108695652173913,0.423913043478261,0.521739130434783,0.0434782608695652,0.0108695652173913,0,0,0.141304347826087,0.239130434782609,0.543478260869565,0.0434782608695652,0.0326086956521739,0,0,0.0760869565217391,0.0217391304347826,0.195652173913043,0.489130434782609,0.217391304347826,0,0.0326086956521739,0.195652173913043,0.217391304347826,0.554347826086957,0,0,0.304347826086957,0.152173913043478,0.489130434782609,0.0543478260869565,0,0.391304347826087,0.489130434782609,0.0869565217391304,0.0217391304347826,0.0108695652173913,0.347826086956522,0.315217391304348,0.16304347826087,0.0326086956521739,0.130434782608696,0,0.0108695652173913,0.0543478260869565,0.141304347826087,0.0217391304347826,0.315217391304348,0,0.467391304347826,0,0.0760869565217391,0.0434782608695652,0.0978260869565217,0.380434782608696,0.184782608695652,0.0217391304347826,0.16304347826087,0.0326086956521739,0,0.0978260869565217,0.641304347826087,0.0543478260869565,0.152173913043478,0.0543478260869565,0,0.347826086956522,0.25,0,0.25,0.0760869565217391,0.0108695652173913,0.0217391304347826,0,0.0434782608695652,0,0.152173913043478,0.58695652173913,0.0326086956521739,0.0978260869565217,0.130434782608696,0,0,0,0.678571428571429,0.178571428571429,0,0.107142857142857,0,0.0357142857142857,0.847826086956522,0.108695652173913,0.0434782608695652,0,0,0.0652173913043478,0.130434782608696,0.423913043478261,0.358695652173913,0.0217391304347826,0,0,0,0.466666666666667,0.111111111111111,0.0555555555555556,0.0444444444444444,0.188888888888889,0,0.133333333333333,0,0,0,0.0333333333333333,0.0666666666666667,0.3,0.133333333333333,0.466666666666667,0,0,0,0.282608695652174,0.347826086956522,0.0108695652173913,0.0978260869565217,0.25,0.0108695652173913,0,0.239130434782609,0.641304347826087,0.0652173913043478,0,0.0326086956521739,0,0,0.0217391304347826,0.545454545454545,0.0568181818181818,0.204545454545455,0.136363636363636,0.0454545454545455,0.0113636363636364,0.456521739130435,0.0108695652173913,0.0760869565217391,0.293478260869565,0.0217391304347826,0.0543478260869565,0.0543478260869565,0.0108695652173913,0,0.0217391304347826,0.329545454545455,0.181818181818182,0.295454545454545,0.181818181818182,0.0113636363636364,0,0
"WBNPNY",0.452380952380952,0.428571428571429,0,0.119047619047619,0.178571428571429,0.0595238095238095,0.369047619047619,0.30952380952381,0,0.0833333333333333,0.261904761904762,0.226190476190476,0.119047619047619,0.0357142857142857,0.285714285714286,0.0714285714285714,0.142857142857143,0.488095238095238,0.30952380952381,0,0.0595238095238095,0,0,0,0,0,0,0,0,0,0.948717948717949,0.0128205128205128,0,0,0.0384615384615385,0,0.154761904761905,0.25,0.583333333333333,0.0119047619047619,0,0,0,0.130952380952381,0.226190476190476,0.166666666666667,0.321428571428571,0.0238095238095238,0.0357142857142857,0.0952380952380952,0,0,0.214285714285714,0.630952380952381,0,0.0238095238095238,0.107142857142857,0.0119047619047619,0,0,0,0.0119047619047619,0.464285714285714,0.226190476190476,0.30952380952381,0,0,0.738095238095238,0.202380952380952,0,0.0595238095238095,0,0,0,0,0.75,0.0357142857142857,0,0.214285714285714,0,0.25,0.0595238095238095,0.202380952380952,0,0.19047619047619,0.0476190476190476,0,0.130952380952381,0,0.0595238095238095,0,0,0.0595238095238095,0,0,0.44047619047619,0.166666666666667,0.392857142857143,0,0,0.511904761904762,0.0238095238095238,0.30952380952381,0.0238095238095238,0.0714285714285714,0.0595238095238095,0,0.523809523809524,0.0119047619047619,0.130952380952381,0.261904761904762,0.0714285714285714,0,0,0,0,0,0.928571428571429,0.0119047619047619,0.0595238095238095,0,0,0,0.202380952380952,0.166666666666667,0.607142857142857,0.0238095238095238,0.0238095238095238,0.702380952380952,0.25,0.0119047619047619,0.0119047619047619,0.273809523809524,0.297619047619048,0.0714285714285714,0.0714285714285714,0.0952380952380952,0.0952380952380952,0.0952380952380952,0.511904761904762,0.154761904761905,0.142857142857143,0.19047619047619,0,0,0,0,0.0952380952380952,0.0357142857142857,0.785714285714286,0.0238095238095238,0.0476190476190476,0.0119047619047619,0.166666666666667,0.0833333333333333,0.202380952380952,0.523809523809524,0.0119047619047619,0,0,0.0119047619047619,0,0,0,0.0609756097560976,0.182926829268293,0.0731707317073171,0.609756097560976,0.0121951219512195,0.0487804878048781,0,0,0.0121951219512195,0,0.535714285714286,0.0952380952380952,0.25,0,0.107142857142857,0.0119047619047619,0,0.452380952380952,0.107142857142857,0.0833333333333333,0.357142857142857,0.55952380952381,0,0.345238095238095,0.0833333333333333,0.0119047619047619,0,0.0833333333333333,0,0.285714285714286,0.261904761904762,0.357142857142857,0,0.0119047619047619,0.726190476190476,0.142857142857143,0.0952380952380952,0.0357142857142857,0.488095238095238,0.369047619047619,0.0952380952380952,0.0476190476190476,0,0,0.0975609756097561,0.25609756097561,0.597560975609756,0.0365853658536585,0.0121951219512195,0,0,0.0119047619047619,0.0357142857142857,0.0952380952380952,0.678571428571429,0.178571428571429,0,0.119047619047619,0.30952380952381,0.238095238095238,0.333333333333333,0,0,0.357142857142857,0.142857142857143,0.488095238095238,0.0119047619047619,0,0.333333333333333,0.619047619047619,0.0119047619047619,0,0.0357142857142857,0.369047619047619,0.214285714285714,0.202380952380952,0,0.19047619047619,0,0.0238095238095238,0.119047619047619,0.130952380952381,0.0357142857142857,0.392857142857143,0,0.321428571428571,0,0.0357142857142857,0,0.0952380952380952,0.392857142857143,0.214285714285714,0.0476190476190476,0.154761904761905,0.0595238095238095,0,0.0714285714285714,0.69047619047619,0.0595238095238095,0.178571428571429,0,0,0.273809523809524,0.202380952380952,0,0.357142857142857,0.142857142857143,0,0,0,0.0238095238095238,0,0.285714285714286,0.452380952380952,0.0595238095238095,0.119047619047619,0.0833333333333333,0,0,0,0.78125,0.0625,0.09375,0.0625,0,0,0.833333333333333,0.142857142857143,0.0238095238095238,0,0,0.0357142857142857,0.154761904761905,0.535714285714286,0.273809523809524,0,0,0,0,0.452380952380952,0.0952380952380952,0.0357142857142857,0.0595238095238095,0.142857142857143,0,0.214285714285714,0,0,0,0.0357142857142857,0.0476190476190476,0.404761904761905,0.0833333333333333,0.428571428571429,0,0,0,0.392857142857143,0.380952380952381,0,0.0714285714285714,0.154761904761905,0,0,0.202380952380952,0.714285714285714,0.0833333333333333,0,0,0,0,0,0.5,0,0.153846153846154,0.256410256410256,0.0897435897435897,0,0.476190476190476,0.0476190476190476,0.107142857142857,0.130952380952381,0.0119047619047619,0.142857142857143,0.0595238095238095,0.0238095238095238,0,0,0.357142857142857,0.154761904761905,0.226190476190476,0.25,0,0.0119047619047619,0
"AISH",0.629032258064516,0.370967741935484,0,0,0.532258064516129,0.0161290322580645,0.201612903225806,0.25,0,0,0.435483870967742,0.354838709677419,0,0.00806451612903226,0.201612903225806,0,0.0403225806451613,0.774193548387097,0.0967741935483871,0.032258064516129,0,0.0483870967741935,0,0,0,0.00806451612903226,0,0,0,0,0.991666666666667,0,0,0,0.00833333333333333,0,0.213114754098361,0.549180327868853,0.213114754098361,0.0245901639344262,0,0,0,0.0161290322580645,0.32258064516129,0.169354838709677,0.387096774193548,0.0564516129032258,0.0483870967741935,0,0,0,0.0241935483870968,0.725806451612903,0,0.120967741935484,0.129032258064516,0,0,0,0,0,0.241935483870968,0.580645161290323,0.17741935483871,0,0,0.612903225806452,0.233870967741935,0.032258064516129,0.120967741935484,0,0,0,0,0.620967741935484,0.00806451612903226,0,0.370967741935484,0,0.104838709677419,0.0887096774193548,0.217741935483871,0,0.524193548387097,0.0161290322580645,0,0.0483870967741935,0,0,0,0,0,0,0,0.540322580645161,0.201612903225806,0.258064516129032,0,0,0.379032258064516,0,0.338709677419355,0.129032258064516,0.145161290322581,0.00806451612903226,0,0.483870967741935,0.0806451612903226,0.0887096774193548,0.266129032258065,0.0806451612903226,0,0,0,0,0,0.967741935483871,0.00806451612903226,0,0.0241935483870968,0,0.0241935483870968,0.274193548387097,0.145161290322581,0.556451612903226,0,0.0564516129032258,0.717741935483871,0.225806451612903,0,0,0.217741935483871,0.129032258064516,0,0.411290322580645,0.0645161290322581,0,0.17741935483871,0.508064516129032,0,0.137096774193548,0.354838709677419,0,0,0,0,0.00806451612903226,0.0725806451612903,0.895161290322581,0.00806451612903226,0.0161290322580645,0,0.298387096774194,0.0483870967741935,0.298387096774194,0.346774193548387,0,0,0,0.00806451612903226,0,0,0.0241935483870968,0,0.338709677419355,0.0241935483870968,0.516129032258065,0,0,0.0725806451612903,0.0241935483870968,0,0,0.459677419354839,0.0483870967741935,0.17741935483871,0,0.25,0.0645161290322581,0,0.451612903225806,0.411290322580645,0.0241935483870968,0.112903225806452,0.434426229508197,0.0491803278688525,0.508196721311475,0.00819672131147541,0,0,0.0806451612903226,0,0.0806451612903226,0.564516129032258,0.274193548387097,0,0,0.798387096774194,0.0564516129032258,0.0161290322580645,0.129032258064516,0.262295081967213,0.721311475409836,0.0163934426229508,0,0,0,0.0806451612903226,0.185483870967742,0.701612903225806,0.032258064516129,0,0,0,0,0,0.532258064516129,0.403225806451613,0.0645161290322581,0,0.0645161290322581,0.104838709677419,0.112903225806452,0.701612903225806,0.0161290322580645,0,0.172131147540984,0.163934426229508,0.622950819672131,0.040983606557377,0,0.104838709677419,0.862903225806452,0.032258064516129,0,0,0.725806451612903,0.112903225806452,0.00806451612903226,0,0.120967741935484,0.032258064516129,0,0.00806451612903226,0.346774193548387,0.0161290322580645,0.104838709677419,0,0.524193548387097,0,0,0.153225806451613,0.233870967741935,0.42741935483871,0.169354838709677,0.00806451612903226,0.00806451612903226,0,0,0.0483870967741935,0.588709677419355,0.112903225806452,0.233870967741935,0.0161290322580645,0,0.508064516129032,0.201612903225806,0,0.161290322580645,0.0483870967741935,0.0564516129032258,0.0241935483870968,0,0,0,0.032258064516129,0.548387096774194,0.153225806451613,0.137096774193548,0.129032258064516,0,0,0,0.558333333333333,0.408333333333333,0,0.0333333333333333,0,0,0.959677419354839,0.0403225806451613,0,0,0,0.0887096774193548,0,0.403225806451613,0.379032258064516,0.120967741935484,0,0.00806451612903226,0,0.57258064516129,0,0.112903225806452,0.00806451612903226,0.17741935483871,0,0.129032258064516,0,0,0,0.0483870967741935,0.129032258064516,0.370967741935484,0.225806451612903,0.225806451612903,0,0,0,0.435483870967742,0.217741935483871,0,0.0403225806451613,0.306451612903226,0,0,0.282258064516129,0.67741935483871,0.0403225806451613,0,0,0,0,0,0.57258064516129,0.0403225806451613,0.201612903225806,0.0645161290322581,0.120967741935484,0,0.0887096774193548,0,0.209677419354839,0.32258064516129,0,0.169354838709677,0.201612903225806,0,0,0.00806451612903226,0.290322580645161,0.185483870967742,0.274193548387097,0.185483870967742,0.0564516129032258,0,0.00806451612903226
"WBNPHC",0.549450549450549,0.395604395604396,0.0164835164835165,0.0384615384615385,0.307692307692308,0.043956043956044,0.313186813186813,0.269230769230769,0.0384615384615385,0.0274725274725275,0.335164835164835,0.241758241758242,0.0659340659340659,0.0164835164835165,0.28021978021978,0.0604395604395604,0.203296703296703,0.494505494505495,0.164835164835165,0.043956043956044,0.0714285714285714,0.010989010989011,0,0.010989010989011,0,0,0,0,0,0,0.911111111111111,0.0333333333333333,0.00555555555555556,0.0166666666666667,0.0333333333333333,0,0.192307692307692,0.32967032967033,0.428571428571429,0.043956043956044,0.00549450549450549,0,0,0.0568181818181818,0.289772727272727,0.153409090909091,0.346590909090909,0.0340909090909091,0.0227272727272727,0.0909090909090909,0.00568181818181818,0,0.241758241758242,0.637362637362637,0,0.021978021978022,0.0769230769230769,0.021978021978022,0,0,0,0,0.510989010989011,0.32967032967033,0.153846153846154,0,0.00549450549450549,0.598901098901099,0.258241758241758,0.0164835164835165,0.0879120879120879,0.010989010989011,0.021978021978022,0,0.00549450549450549,0.78021978021978,0.043956043956044,0.00549450549450549,0.17032967032967,0,0.255555555555556,0.00555555555555556,0.283333333333333,0.0333333333333333,0.227777777777778,0.0777777777777778,0.00555555555555556,0.0722222222222222,0.0111111111111111,0.0222222222222222,0,0,0,0,0.00555555555555556,0.527472527472527,0.192307692307692,0.274725274725275,0.00549450549450549,0,0.465116279069767,0.0174418604651163,0.284883720930233,0.0290697674418605,0.0930232558139535,0.0988372093023256,0.0116279069767442,0.544943820224719,0.129213483146067,0.117977528089888,0.179775280898876,0.0224719101123595,0,0,0,0,0.00561797752808989,0.85,0.0944444444444444,0.05,0,0.00555555555555556,0.0714285714285714,0.247252747252747,0.142857142857143,0.532967032967033,0.00549450549450549,0.0494505494505494,0.747252747252747,0.17032967032967,0.032967032967033,0,0.318681318681319,0.258241758241758,0.032967032967033,0.142857142857143,0.104395604395604,0.0659340659340659,0.0769230769230769,0.582417582417582,0.148351648351648,0.153846153846154,0.0989010989010989,0.0164835164835165,0,0,0,0.0769230769230769,0.0274725274725275,0.824175824175824,0.010989010989011,0.0494505494505494,0.010989010989011,0.216666666666667,0.122222222222222,0.261111111111111,0.294444444444444,0.0555555555555556,0.0111111111111111,0,0.0388888888888889,0,0,0.032967032967033,0.0659340659340659,0.307692307692308,0.043956043956044,0.467032967032967,0.0384615384615385,0.00549450549450549,0,0.0274725274725275,0,0.010989010989011,0.577777777777778,0.111111111111111,0.188888888888889,0.0222222222222222,0.0944444444444444,0.00555555555555556,0,0.460674157303371,0.0842696629213483,0.0842696629213483,0.370786516853933,0.56043956043956,0.010989010989011,0.324175824175824,0.0824175824175824,0.010989010989011,0.010989010989011,0.0769230769230769,0.0604395604395604,0.252747252747253,0.335164835164835,0.274725274725275,0,0,0.659340659340659,0.164835164835165,0.115384615384615,0.0604395604395604,0.423076923076923,0.510989010989011,0.0494505494505494,0,0.010989010989011,0.00549450549450549,0.137362637362637,0.302197802197802,0.472527472527473,0.0494505494505494,0.032967032967033,0,0.00549450549450549,0.115384615384615,0.0274725274725275,0.236263736263736,0.483516483516484,0.126373626373626,0.010989010989011,0.0604395604395604,0.214285714285714,0.175824175824176,0.521978021978022,0.0274725274725275,0,0.314606741573034,0.162921348314607,0.455056179775281,0.0674157303370786,0,0.340659340659341,0.582417582417582,0.0384615384615385,0.032967032967033,0.00549450549450549,0.434065934065934,0.192307692307692,0.225274725274725,0.0384615384615385,0.0879120879120879,0,0.021978021978022,0.164835164835165,0.153846153846154,0.0384615384615385,0.296703296703297,0.00549450549450549,0.324175824175824,0.0164835164835165,0.0494505494505494,0.0769230769230769,0.032967032967033,0.362637362637363,0.214285714285714,0.0494505494505494,0.214285714285714,0,0,0.0879120879120879,0.571428571428571,0.0494505494505494,0.208791208791209,0.0714285714285714,0.010989010989011,0.357142857142857,0.225274725274725,0,0.241758241758242,0.137362637362637,0.00549450549450549,0.010989010989011,0.010989010989011,0.00549450549450549,0.00549450549450549,0.164835164835165,0.494505494505495,0.0769230769230769,0.186813186813187,0.0769230769230769,0,0,0,0.627450980392157,0.196078431372549,0.0784313725490196,0.0882352941176471,0,0.00980392156862745,0.794444444444444,0.177777777777778,0.0277777777777778,0,0,0.0494505494505494,0.137362637362637,0.39010989010989,0.39010989010989,0.010989010989011,0.00549450549450549,0.0164835164835165,0,0.554945054945055,0.104395604395604,0.0384615384615385,0.0604395604395604,0.137362637362637,0,0.104395604395604,0,0,0,0.0722222222222222,0.0944444444444444,0.25,0.116666666666667,0.466666666666667,0,0,0,0.319767441860465,0.372093023255814,0.00581395348837209,0.133720930232558,0.168604651162791,0,0,0.252747252747253,0.626373626373626,0.043956043956044,0.00549450549450549,0.032967032967033,0.010989010989011,0,0.0274725274725275,0.516483516483517,0.0934065934065934,0.208791208791209,0.126373626373626,0.0549450549450549,0,0.4,0.05,0.0388888888888889,0.15,0.0666666666666667,0.133333333333333,0.127777777777778,0.0222222222222222,0.00555555555555556,0.00555555555555556,0.3875,0.23125,0.19375,0.15625,0.025,0.00625,0
"CL",0.6,0.25,0,0.15,0.425,0.075,0.375,0.125,0,0,0.675,0.175,0,0,0.15,0,0.075,0.5,0.425,0,0,0,0,0,0,0,0,0,0,0,1,0,0,0,0,0,0.175,0.475,0.175,0.175,0,0,0,0,0.289473684210526,0.0526315789473684,0.605263157894737,0.0526315789473684,0,0,0,0,0.075,0.675,0,0.075,0.175,0,0,0,0,0,0.15,0.6,0.25,0,0,0.725,0.15,0.025,0.1,0,0,0,0,0.575,0,0,0.425,0,0.25,0.1,0.225,0,0.425,0,0,0,0,0,0,0,0,0,0,0.75,0.15,0.1,0,0,0.25,0,0.5,0,0.25,0,0,0.325,0.05,0.325,0.25,0.05,0,0,0,0,0,0.95,0.05,0,0,0,0.0526315789473684,0.263157894736842,0.210526315789474,0.473684210526316,0,0,0.775,0.225,0,0,0.15,0.025,0.075,0.425,0,0,0.325,0.4,0,0.025,0.575,0,0,0,0,0,0,0.947368421052632,0.0526315789473684,0,0,0.275,0.075,0.15,0.425,0.075,0,0,0,0,0,0,0,0.05,0,0.925,0,0,0.025,0,0,0,0.75,0,0.075,0.025,0.15,0,0,0.75,0.1,0,0.15,0.325,0.1,0.575,0,0,0,0,0,0,0.85,0.15,0,0,0.625,0.1,0,0.275,0.657894736842105,0.342105263157895,0,0,0,0,0.1,0.325,0.575,0,0,0,0,0,0,0.325,0.65,0.025,0,0.025,0,0,0.975,0,0,0.6,0.15,0.25,0,0,0.05,0.875,0.075,0,0,0.325,0.225,0,0.05,0.325,0.075,0,0.05,0.625,0.05,0,0,0.275,0,0,0.1,0.4,0.45,0.025,0,0.025,0,0,0.075,0.65,0.025,0.25,0,0,0.525,0.025,0,0.15,0.25,0.05,0,0,0,0,0.075,0.425,0.2,0.275,0,0,0,0.025,0.578947368421053,0.421052631578947,0,0,0,0,0.875,0.125,0,0,0,0,0,0.725,0.275,0,0,0,0,0.875,0.05,0.075,0,0,0,0,0,0,0,0.025,0.05,0.475,0.2,0.225,0,0.025,0,0.6,0.2,0,0.075,0.125,0,0,0.025,0.975,0,0,0,0,0,0,0.775,0,0.15,0.05,0.025,0,0.3,0,0.15,0.225,0,0,0.325,0,0,0,0.289473684210526,0.0526315789473684,0.5,0.157894736842105,0,0,0
